,,,,,,,,,,,,,,,,,,,,
,Gross Domestic Product and Components selected indicators,,,,,,,,,,,,,,,,,,,
,United States,,,,,,,,,,,,,,,,,,,
,,,,,,,,,,,,,,,,,,,,
,Source: International Financial Statistics (IFS),,,,,,,,,,,,,,,,,,,
,Metadata by Country (IFS),,,,,,,,,,,,,,,,,,,
,,,,,,,,,,,,,,,,,,,,
,Indicator,,Base Year,Scale,2008Q1,2008Q2,2008Q3,2008Q4,2009Q1,2009Q2,2009Q3,2009Q4,2010Q1,2010Q2,2010Q3,2020Q1,2020Q2,2020Q3,2020Q4,2021Q1
,"National Accounts, Current Prices, Unadjusted","National Accounts, Current Prices, Unadjusted",,,...,...,...,...,...,...,...,...,...,...,...,...,...,...,...,...
,"Gross Domestic Product, Nominal, Undjusted, Domestic Currency",NGDP_NSA_XDC,,Millions,"3,643,352.00","3,704,567.00","3,682,872.00","3,682,056.00","3,510,967.00","3,593,534.00","3,617,046.00","3,727,386.00","3,592,249.00","3,744,069.00","3,778,575.00","5,245,520.00","4,901,784.00","5,323,673.00","5,484,017.00","5,371,535.00"
,"Household Consumption Expenditure, incl. NPISHs, Nominal, Undjusted, Domestic Currency",NCP_NSA_XDC,,Millions,"2,452,122.00","2,515,109.00","2,502,186.00","2,506,913.00","2,373,795.00","2,446,514.00","2,470,379.00","2,551,521.00","2,449,575.00","2,538,423.00","2,549,886.00","3,531,242.00","3,275,106.00","3,595,134.00","3,753,852.00","3,659,713.00"
,"Change in Inventories, Nominal, Undjusted, Domestic Currency",NINV_NSA_XDC,,Millions,"33,736.00","-20,660.00","-4,195.00","-38,122.00","-22,705.00","-68,637.00","-33,777.00","-25,652.00","10,946.00","-1,423.00","47,410.00","10,972.00","-88,107.00","28,370.00","-12,084.00","-2,695.00"
,"Exports of Goods and Services, Nominal, Undjusted, Domestic Currency",NX_NSA_XDC,,Millions,"445,306.00","477,747.00","480,137.00","433,865.00","370,989.00","378,568.00","399,145.00","433,294.00","429,045.00","452,972.00","467,614.00","593,821.00","448,451.00","511,960.00","564,784.00","562,284.00"
,"Imports of Goods and Services, Nominal, Undjusted, Domestic Currency",NM_NSA_XDC,,Millions,"610,574.00","671,605.00","694,306.00","583,658.00","452,775.00","467,554.00","516,253.00","541,864.00","531,273.00","588,285.00","618,442.00","704,266.00","585,903.00","713,170.00","767,763.00","751,008.00"
,"National Accounts, Constant Prices, Unadjusted","National Accounts, Constant Prices, Unadjusted",,,...,...,...,...,...,...,...,...,...,...,...,...,...,...,...,...
,"Gross Domestic Product, Real, Undjusted, Domestic Currency",NGDP_R_NSA_XDC,2012,Millions,3900698,3923096,3896771,3884122,3697980,3775754,3815306,3919793,3769299,3888466,3930071,4628733,4333810,4687826,4818083,4646097
,"Household Consumption Expenditure, incl. NPISHs, Real, Undjusted, Domestic Currency",NCP_R_NSA_XDC,2012,Millions,2629894,2660924,2626765,2675254,2547724,2606794,2617807,2687644,2572715,2653272,2663171,3186532,2964371,3224536,3363581,3243091
,"Government Consumption Expenditure, Real, Undjusted, Domestic Currency",NCGG_R_NSA_XDC,2012,Millions,...,...,...,...,...,...,...,...,...,...,...,3045992,3053078,3022145,3026560,...
,"Gross Fixed Capital Formation, Real, Undjusted, Domestic Currency",NFI_R_NSA_XDC,2012,Millions,...,...,...,...,...,...,...,...,...,...,...,4516110,4213207,4483542,4677001,...
,"Change in Inventories, Real, Undjusted, Domestic Currency",NINV_R_NSA_XDC,2012,Millions,46605,-26357,-6309,-48779,-23828,-83894,-32884,-30832,9769,-10219,54340,8472,-91277,30322,-8625,-2211
,"Exports of Goods and Services, Real, Undjusted, Domestic Currency",NX_R_NSA_XDC,2012,Millions,470376,493901,489491,471665,417273,426078,443684,476728,467362,487493,501207,607449,483311,535420,582181,553455
,"Imports of Goods and Services, Real, Undjusted, Domestic Currency",NM_R_NSA_XDC,2012,Millions,630586,660254,667159,629053,532980,542934,579899,592762,572684,636328,672832,789285,677864,808565,866181,824123
,"Statistical Discrepancy in GDP, Real, Undjusted, Domestic Currency",NSDGDP_R_NSA_XDC,2012,Millions,-4884,694,4270,-270,-15591,-1094,-7802,3122,-6840,2348,-2272,-7007,-14677,-21681,-35854,-29951
,"National Accounts, Current Prices, Seasonally Adjusted","National Accounts, Current Prices, Seasonally Adjusted",,,...,...,...,...,...,...,...,...,...,...,...,...,...,...,...,...
,"Gross Domestic Product, Nominal, Seasonally Adjusted, Domestic Currency",NGDP_SA_XDC,,Millions,14651039,14805611,14835187,14559543,14394547,14352850,14420312,14628021,14721350,14926098,15079917,21561139,19520114,21170252,21494731,22061025
,"Household Consumption Expenditure, incl. NPISHs, Nominal, Seasonally Adjusted, Domestic Currency",NCP_SA_XDC,,Millions,9934253,10052843,10080964,9837261,9756126,9760216,9895401,9957092,10040485,10131767,10220606,14545460,13097348,14401538,14537004,15069231
,"Govenment Final Consumption Expenditure, Nominal, Seasonally adjusted, Domestic Currency",NCGG_SA_XDC,,Millions,2297618,2343533,2389804,2378622,2379608,2421066,2444048,2477689,2498705,2516637,2508496,3045992,3053078,3022145,3026534,3142051
,"Gross Fixed Capital Formation, Nominal, Seasonally Adjusted, Domestic Currency",NFI_SA_XDC,,Millions,3192019,3190434,3151808,3011537,2805922,2706181,2690366,2690909,2672577,2760113,2773014,4516110,4213207,4483542,4674875,4808078
,"Change in Inventories, Nominal, Seasonally Adjusted, Domestic Currency",NINV_SA_XDC,,Millions,-16673,-22252,-15825,-62215,-150996,-196001,-204006,-52084,-1237,36708,112897,-52117,-298356,-848,60067,-96807
,"Exports of Goods and Services, Nominal, Seasonally Adjusted, Domestic Currency",NX_SA_XDC,,Millions,1810993,1909719,1921772,1705736,1514327,1518333,1591059,1704264,1746875,1810006,1865624,2438710,1788166,2071577,2210058,2295304
,"Imports of Goods and Services, Nominal, Seasonally Adjusted, Domestic Currency",NM_SA_XDC,,Millions,2567171,2668666,2693336,2311399,1910439,1856945,1996556,2149849,2236054,2329133,2400719,2933016,2333329,2807701,3013807,3156832
,"Statistical Discrepancy in GDP, Nominal, Seasonally Adjusted, Domestic Currency",NSDGDP_SA_XDC,,Millions,-,-,-,1,-1,-,-,-,-1,-,-1,-,-,-1,-,-
,"National Accounts, Constant Prices, Seasonally Adjusted","National Accounts, Constant Prices, Seasonally Adjusted",,,...,...,...,...,...,...,...,...,...,...,...,...,...,...,...,...
,"Gross Domestic Product, Real, Seasonally Adjusted, Domestic Currency",NGDP_R_SA_XDC,2012,Millions,15671383,15752308,15667032,15328027,15155940,15134117,15189222,15356058,15415145,15557277,15671967,19010848,17302511,18596521,18794426,19088064
,"Household Consumption Expenditure, incl. NPISHs, Real, Seasonally Adjusted, Domestic Currency",NCP_R_SA_XDC,2012,Millions,10644429,10661689,10581856,10483376,10459698,10417334,10489202,10473645,10525432,10609148,10683342,13118406,11860250,12924721,12999092,13352150
,"Govenment Final Consumption Expenditure, Real, Seasonally adjusted, Domestic Currency",NCGG_R_SA_XDC,2012,Millions,2497956,2512330,2533091,2557871,2596609,2632553,2638854,2651160,2647778,2646989,2625321,2649043,2671601,2627027,2611152,2668133
,"Gross Fixed Capital Formation, Real, Seasonally Adjusted, Domestic Currency",NFI_R_SA_XDC,2012,Millions,3254287,3244464,3182549,3011539,2820754,2752566,2762704,2767407,2757249,2845626,2856404,4075494,3795484,4016493,4169529,4251985
,"Change in Inventories, Real, Seasonally Adjusted, Domestic Currency",NINV_R_SA_XDC,2012,Millions,1626,-25438,-19289,-87581,-179018,-228315,-245126,-56829,-5012,33251,128825,-80946,-287025,-3743,62073,-92878
,"Exports of Goods and Services, Real, Seasonally Adjusted, Domestic Currency",NX_R_SA_XDC,2012,Millions,1913508,1974664,1961163,1852397,1702730,1707886,1769969,1874467,1902612,1947618,2001560,2495099,1927417,2166521,2278520,2261941
,"Imports of Goods and Services, Real, Seasonally Adjusted, Domestic Currency",NM_R_SA_XDC,2012,Millions,2645612,2621783,2587985,2492828,2246492,2153127,2242931,2351750,2408555,2520175,2612581,3283110,2702467,3185541,3400486,3455828
,"Statistical Discrepancy in GDP, Real, Seasonally Adjusted, Domestic Currency",NSDGDP_R_SA_XDC,2012,Millions,3937,952,4975,-19298,-23674,-20937,-999,-16312,-13758,-11093,-14351,-34466,-88486,-122640,-91797,-118761
,"Gross Domestic Product, Deflator, Seasonally Adjusted",NGDP_D_SA_IX,2010,Units,97.276138,97.79741153,98.52615052,98.83407615,98.82352596,98.67934983,98.78348592,99.11766256,99.36770155,99.82927674,100.119959,118.0090815,117.3865763,118.4512214,119.0003307,120.2566287
